Burden of HIV-related stigma and post-partum depression: a cross-sectional study of patients attending prevention of mother-to-child transmission clinic at Kenyatta …,https://www.frontiersin.org/articles/10.3389/fpsyt.2020.532557/full,"… , this study underscores the need for embedding mental health services across all such facilities. … such as the Kenyan study addressing linkage to HIV care, postpartum depression, and …",HIV,True
"Maternal mental health priorities, help-seeking behaviors, and resources in post-conflict settings: a qualitative study in eastern Uganda",https://link.springer.com/article/10.1186/s12888-018-1626-x,"… (eg HIV/AIDS and malaria). Concerns on social origins of … In neighboring Kenya, Jenkins and colleagues have noted … , and malaria to be the highest prioritized maternal mental health …",malaria,True
"Linkage to HIV care, postpartum depression, and HIV-related stigma in newly diagnosed pregnant women living with HIV in Kenya: a longitudinal observational study",https://link.springer.com/article/10.1186/s12884-014-0400-4,"… linkage to HIV care itself in terms of impacts on mental health and … HIV care, meaning that we were not able to obtain data on their stage of HIV disease, and we only had self-report data …",HIV,True
"Burden of physical, psychological and social ill-health during and after pregnancy among women in India, Pakistan, Kenya and Malawi",https://gh.bmj.com/content/3/3/e000625.abstract,… prevalence of HIV and malaria in Malawi and higher prevalence of psychological and social … . Prevalence and determinants of common perinatal mental disorders in women in low- and …,malaria,True
Assessment of malaria infection among pregnant women and children below five years of age attending rural health facilities of Kenya: A cross-sectional survey in two …,https://journals.plos.org/plosone/article?id=10.1371/journal.pone.0257276,"… , acquired immunodeficiency syndrome (HIV/AIDS), as well as non… data electronically into the open data kit (ODK) system [24], which included in-built data quality checks to prevent data …",HIV,True
"Integrated point-of-care testing (POCT) of HIV, syphilis, malaria and anaemia in antenatal clinics in western Kenya: A longitudinal implementation study",https://journals.plos.org/plosone/article?id=10.1371/journal.pone.0198784,"… The success of near universal HIV screening in ANC in Kenya, as reflected in our baseline and intervention data, is the result of concerted vertical program efforts and external …",HIV,True
Providing sustainable mental health care in Kenya: a demonstration project,https://www.ncbi.nlm.nih.gov/sites/books/NBK350312/,"… Since then, there have been efforts to strengthen these data collection systems for various internationally funded initiatives on HIV/AIDS, malaria, child survival, and others. However, …",malaria,True
Predicting neurodevelopmental risk in children born to mothers living with HIV in Kenya: protocol for a prospective cohort study (Tabiri Study),https://bmjopen.bmj.com/content/12/4/e061051.abstract,"… , quality of life, violence exposure and maternal mental health) and … morbidity data, including diarrhoea, pneumonia, malaria, … Additionally, we will collect data on the vaccination and HIV …",malaria,True
"Health care-seeking behaviour of HIV-infected mothers and male partners in Nairobi, Kenya",https://www.tandfonline.com/doi/abs/10.1080/17441692.2014.1003573,"… Other studies found that stigma and psychological distress were risk factors for morbidity, … such as malaria and tuberculosis. Female participants preferred government health care …",malaria,True
… adding new tools but they don't take any away”: producing indicators for intermittent preventive treatment for malaria in pregnancy (IPTp) from routine data in Kenya,https://journals.plos.org/plosone/article?id=10.1371/journal.pone.0189699,"… two malaria endemic sub-counties in Kenya, we explore how local adaptations and innovations employed by health … Let's say [HIV/AIDS] or even malaria reporting forms. Whatever you …",malaria,True
Association between malaria infection and early childhood development mediated by anemia in rural Kenya,https://www.mdpi.com/1660-4601/17/3/902,"… Malaria is widespread throughout Kenya and a leading … About 74% of the Kenyan population is at risk for malaria and malaria … In western Kenya, malaria is endemic and transmission is …",malaria,True
Short structured general mental health in service training programme in Kenya improves patient health and social outcomes but not detection of mental health …,https://link.springer.com/article/10.1186/1752-4458-7-25,"… Health Policy, the Kenya policy on reproductive health, child health, malaria and HIV and the contribution of mental health to these health objectives; the Kenya mental health legislation …",malaria,True
Effects of HIV infection on maternal and neonatal health in southern Mozambique: A prospective cohort study after a decade of antiretroviral drugs roll out,https://journals.plos.org/plosone/article?id=10.1371/journal.pone.0178134,"… for malaria prevention in HIV-uninfected and HIV… malaria infection, which contributes to the morbidity of HIV-infected pregnant women living in endemic areas such as Malawi and Kenya …",malaria,True
Effect of daily antenatal iron supplementation on Plasmodium infection in Kenyan women: a randomized clinical trial,https://jamanetwork.com/journals/jama/article-abstract/2434681,"… through April 2013 in a malaria endemic area among 470 rural Kenyan women aged 15 to … proxy markers of immunity against malaria (gravidity, age, HIV infection) might determine the …",malaria,True
"The effects of HIV infection on the immune response to malaria among pregnant women in Kumba, southwest Cameroon: protocol for a cross-sectional study",https://www.researchprotocols.org/2023/1/e38213/,"… In Yaoundé, it was reported that IgG levels to CSP and TCC were lower in mothers with HIV, … born to mothers with HIV [12]. This was in line with a study in Kenya that reported that HIV …",HIV,True
… malaria in pregnancy among adolescent girls compared to adult women in 5 sub-Saharan African countries: A secondary individual participant data meta-analysis of …,https://journals.plos.org/plosmedicine/article?id=10.1371/journal.pmed.1004084,… Kenya was dropped from the analysis of clinical malaria since no cases among adolescents … reasons why we did not observe an increased malaria risk among HIV-infected individuals. …,malaria,True
"Burden, risk factors, and comorbidities of behavioural and emotional problems in Kenyan children: a population-based study",https://www.thelancet.com/journals/lanpsy/article/PIIS2215-0366(16)30403-5/fulltext,"… from infections such as falciparum malaria. Pets are intermediate hosts for parasitic infections such as Toxoplasma gondii, which are associated with mental health problems in humans. …",malaria,True
Step-Wise Development of Primary Care and Community-Based Mental Health Care in a Low-Resource Setting: A Community Case Study of Rural Western Kenya,https://link.springer.com/content/pdf/10.1007/978-3-030-57296-9_134.pdf,"… Settings which were once inundated and overwhelmed by communicable diseases like HIV, TB, and malaria have been able to implement solutions which have helped stabilize the …",malaria,False
"… with the prevalence of HIV, HSV-2, pregnancy, and reported sexual activity among adolescent girls in rural western Kenya: A cross-sectional analysis of baseline data …",https://journals.plos.org/plosmedicine/article?id=10.1371/journal.pmed.1003756,"… , with high endemicity of malaria, HIV, TB, and schistosomiasis … (S1 Survey) using forms built on Open Data Kit (ODK). Dual … In our study, poor mental well-being was also associated …",malaria,True
Health system challenges to integration of mental health delivery in primary care in Kenya-perspectives of primary care health workers,https://link.springer.com/article/10.1186/1472-6963-13-368,"… is concerned … I think normally when these DPHNs (district public health nurses) are coming round they concentrate more on things like HIV, malaria, and immunisation. Nobody will …",malaria,True
Access and use of interventions to prevent and treat malaria among pregnant women in Kenya and Mali: a qualitative study,https://journals.plos.org/plosone/article?id=10.1371/journal.pone.0119848,"… , and that malaria in pregnancy harms not one but two people, mother and baby. In Kenya, HIV infection was also seen to predispose people to malaria due to HIV being another blood …",malaria,True
The Enhanced Mentor Mother ProgrAm (EMMA) for the prevention of mother-to-child transmission of HIV in Kenya: study protocol for a cluster randomized controlled …,https://link.springer.com/article/10.1186/s13063-018-2975-y,"… Recognizing the barriers pregnant women newly diagnosed with HIV … HIV care and treatment, in 2005 the Kenyan South Rift Valley PEPFAR (SRVP) program began to integrate all HIV-…",HIV,True
"Towards comprehensive women's healthcare in sub-Saharan Africa: addressing intersections between HIV, reproductive and maternal health",https://journals.lww.com/jaids/FullText/2014/12011/Towards_Comprehensive_Women_s_Healthcare_in.1.aspx,"… to mental health services as a key component of HIV treatment … Kenya, Spangler et al 22 found that women living with HIV … of malaria and tuberculosis to pregnant women living with HIV. …",malaria,True
Voices from the youth in Kenya addressing mental health gaps and recommendations,https://www.mdpi.com/1660-4601/19/9/5366,"… of HIV than the rest of Kenya, at 17.7% in women and 14.1% in men. All these socioeconomic and health challenges may impact the mental health … the highest rates of HIV, malaria, and …",malaria,True
"Common mental disorder in Nyanza province, Kenya in 2013 and its associated risk factors–an assessment of change since 2004, using a repeat household survey in …",https://link.springer.com/article/10.1186/s12888-015-0693-5,"… Kenya, of HIV of 17.7 % in women and 14.1 % in men [14]. All these socioeconomic and health challenges may impact on the mental health … endemic area for malaria in Kenya, namely …",malaria,True
Integration of mental health into primary care in Kenya,https://www.ncbi.nlm.nih.gov/pmc/articles/PMC2911092/,"… health care staff in the public health system across Kenya, using a sustainable general health … largely focuses on communicable diseases, especially HIV and malaria. Population …",malaria,True
Investing in HIV services while building Kenya's health system: PEPFAR's support to prevent mother-to-child HIV transmission,https://www.healthaffairs.org/doi/abs/10.1377/hlthaff.2012.0227,"… -up of HIV/AIDS services. We analyzed trends in expenditures to support the prevention of mother-to-child transmission of HIV in Kenya … and child health, and malaria services. Adungosi …",malaria,True
"Neurocognitive outcomes of children exposed to and living with HIV aged 3–5 years in Kilifi, Kenya",https://www.frontiersin.org/articles/10.3389/frph.2023.1193183/full,"… and malaria infection (22). Although previous studies on child neurodevelopment in the context of HIV have been conducted in Kenya, … between maternal common mental disorders and …",malaria,True
Physical morbidity and psychological and social comorbidities at five stages during pregnancy and after childbirth: a multicountry cross-sectional survey,https://bmjopen.bmj.com/content/12/4/e050287.abstract,"… of malaria), 4.1% in Kenya (mainly HIV) substantially higher in Malawi (27.9% including HIV 14.3%, malaria 10.2… . Prevalence and determinants of common perinatal mental disorders in …",malaria,True
Combating malaria in Kenya through collaborative population health education: a systematic review and pilot case study,https://www.tandfonline.com/doi/abs/10.1080/23744235.2023.2231082,"… and healthcare social work, psychiatry and mental health, and traumatology, emergency, … with a high endemicity of HIV and malaria and/or mothers with a positive HIV test result ( Table …",malaria,True
"Collaborative Interpersonal Psychotherapy for HIV‐Positive Women in Kenya: A Case Study From the Mental Health, HIV and Domestic Violence (MIND) Study",https://onlinelibrary.wiley.com/doi/abs/10.1002/jclp.22359,"… Her father died of malaria right after the birth of her first child. After her father's death, Andaiye lived with her mother, with whom she was very close. Her mother died of malaria and gout-…",malaria,True
Testing strategies for couple engagement in prevention of mother-to-child transmission of HIV and family health in Kenya: study protocol for a randomized controlled …,https://link.springer.com/article/10.1186/s13063-020-04956-1,"… of the funder, the NIH/National Institute of Mental Health. The funders had no role in study design, data collection, and analysis, decision to publish, or preparation of the manuscript. …",mental disease,True
Morbidity in the first year postpartum among HIV-infected women in Kenya,https://www.sciencedirect.com/science/article/pii/S002072920700481X,"… Moreover, malaria, anemia, and HIV coexist in many parts of sub-Saharan Africa. Each of these diseases exacerbate the effects of the other diseases and childbearing affects them all [8]…",malaria,True
Mental health issues of women living with HIV/AIDS: HIV-seropositive women's experiences in Kenya,https://search.proquest.com/openview/5e0ed76777de0d56cc0bf28f1e4d040b/1?pq-origsite=gscholar&cbl=18750,"… HIV/AIDS on Kenyan women’s mental health, literature relating to various aspects of HIV/AIDS … that according to her was not responding to antimalarial medication. All along she never …",malaria,False
An analysis of pregnancy-related mortality in the KEMRI/CDC health and demographic surveillance system in western Kenya,https://journals.plos.org/plosone/article?id=10.1371/journal.pone.0068733,"… poor maternal outcomes in Africa. They indicate low uptake of maternal health interventions … well as preventive measures against HIV/AIDS, malaria and tuberculosis among all women …",malaria,True
Can prenatal malaria exposure produce an immune tolerant phenotype?: A prospective birth cohort study in Kenya,https://journals.plos.org/plosmedicine/article?id=10.1371/journal.pmed.1000116,"… born in a malaria-holoendemic area of Kenya. The study was … prenatal malaria experience, reflected by maternal malaria … Mothers of the exposed not sensitized group had higher HIV …",malaria,True
High patient acceptability but low coverage of provider-initiated HIV testing among adult outpatients with symptoms of acute infectious illness in coastal Kenya,https://journals.plos.org/plosone/article?id=10.1371/journal.pone.0246444,"… at each site, we observed facility HIV and malaria testing of patients presenting to the … Kenyan HTS guidelines using rapid antibody HIV tests [19]. Linkage to care and treatment after HIV …",malaria,True
"Training primary health care workers in mental health and its impact on diagnoses of common mental disorders in primary care of a developing country, Malawi: a …",https://www.cambridge.org/core/journals/psychological-medicine/article/training-primary-health-care-workers-in-mental-health-and-its-impact-on-diagnoses-of-common-mental-disorders-in-primary-care-of-a-developing-country-malawi-a-clusterrandomized-controlled-trial/A7326A2895452F1816984CE59E820E1C,"… cases of common mental disorders, malaria and non-specific … in mental health using a toolkit originally designed for Kenya … mental health and child health, reproductive health, HIV and …",malaria,False
Is maternal HIV infection a risk factor for delayed or missed infant measles vaccination in western Kenya?,https://www.tandfonline.com/doi/abs/10.1080/09540121.2019.1640852,"… mother’s HIV status on a child’s overall uptake of measles vaccine and timeliness in western Kenya… Malaria is endemic in the study area, with transmission occurring throughout the year…",malaria,False
"Helminthiasis and malaria co-infection among women of reproductive age in a rural setting of Kilifi County, coastal Kenya: A mixed method study",https://journals.plos.org/globalpublichealth/article?id=10.1371/journal.pgph.0003310,"… Data collection for quantitative survey done first, by trained … into Open Data Kit (ODK) software [29] Socio-demographic data … are afraid of being tested for other diseases like HIV/AIDs. …",HIV,True
"Psychosocial functioning and depressive symptoms among HIV-positive persons receiving care and treatment in Kenya, Namibia, and Tanzania",https://link.springer.com/article/10.1007/s11121-013-0420-8,"… services at HIV care and treatment clinics in Kenya, Namibia, and Tanzania. The purpose of the present study is to contribute to a better understanding of the mental health and …",HIV,True
Early childhood development in children born to HIV-infected mothers: perspectives from Kenyan clinical providers and caregivers,https://journals.sagepub.com/doi/abs/10.1177/2333794X18811795,"… , malaria, tuberculosis, and human immunodeficiency virus (HIV), also have a significant role in Kenyan … HIV is actually a psychological condition with the stigma around it; the fear of the …",malaria,True
"Determinants of failure to access care in mothers referred to HIV treatment programs in Nairobi, Kenya",https://www.tandfonline.com/doi/abs/10.1080/09540120903373565,"… and malaria (GFATM) has enabled massive scaled up of HIV … higher than the 2005 Kenya national report, underscores the … not to transition to HIV care following maternal care. Similar …",malaria,True
Impact of community-based mass testing and treatment on malaria infection prevalence in a high-transmission area of western Kenya: a cluster randomized controlled …,https://academic.oup.com/cid/article-abstract/72/11/1927/5824323,"… the Kenya Ministry of Health for use in public facilities and by CHVs at this time, received a positive recommendation by the World Health … on malaria prevalence; the impact on malaria …",malaria,True
"Assessing Maternal Morbidity in India, Pakistan, Kenya and Malawi",https://search.proquest.com/openview/8e778c44a3d2e98e84d47968fb6ffeae/1?pq-origsite=gscholar&cbl=51922&diss=y,"… Infectious morbidity was highest in Malawi (40.5%) and Kenya (38.5%), psychological and … are associated with infections such as HIV, tuberculosis or malaria during pregnancy (WHO …",malaria,True
Mental health and the development agenda in Sub-Saharan Africa,https://ps.psychiatryonline.org/doi/full/10.1176/ps.2010.61.3.229,"… with malaria and HIV ( 1 ). Despite these data, mental illness is still not perceived by health … workers in Kenya is being delivered through the Kenya Medical Training College and the …",malaria,True
Maternal morbidity in the first year after childbirth in Mombasa Kenya; a needs assessment,https://link.springer.com/article/10.1186/1471-2393-9-51,"… Blood samples were used for malaria microscopy, RPR test for syphilis and serial rapid HIV … family planning counselling and services, mental health services and distribution of condoms…",malaria,True
"Integrating Point-of-care testing (POCT) for HIV, Syphilis, Malaria and Anaemia into Antenatal Care Services at Dispensaries in Western Kenya",http://archive.lstmed.ac.uk/id/eprint/9471,"… HIV, syphilis, malaria and anaemia in antenatal care … HIV improves individual health outcomes, prevents mother-to-child transmission of HIV, and prevents horizontal transmission of HIV …",malaria,True
"Integration of the RTS, S/AS01 malaria vaccine into the Essential Programme on Immunisation in western Kenya: a qualitative longitudinal study from the health …",https://www.thelancet.com/journals/langlo/article/PIIS2214-109X(24)00013-5/fulltext,… on malaria and vaccines conducted in two malaria-endemic regions of Kenya in 2010 identified concerns about the quality of immunisation services and the need to improve health …,malaria,True
Depressive symptoms among mothers with hospitalized children in South Asia and sub-Saharan Africa,https://www.sciencedirect.com/science/article/pii/S016503272201299X,… To better understand maternal mental health during childhood … hospitalization” and “maternal mental health” for articles … All children received HIV and malaria tests at admission. …,malaria,True
… and malaria infections among children during the COVID-19 pandemic in Western Kenya: An analysis of facility-based and weekly diaries data,https://www.ncbi.nlm.nih.gov/pmc/articles/PMC10346133/,"… of health care systems [34]. For instance, compared to 2019, Global Fund-supported HIV, tuberculosis and malaria … have reflected increased mental health problems or mild COVID-19. …",malaria,True
Protocol: Predicting neurodevelopmental risk in children born to mothers living with HIV in Kenya: protocol for a prospective cohort study (Tabiri Study),https://www.ncbi.nlm.nih.gov/pmc/articles/PMC8981283/,"… , quality of life, violence exposure and maternal mental health) and … morbidity data, including diarrhoea, pneumonia, malaria, … Additionally, we will collect data on the vaccination and HIV …",malaria,True
"Monthly sulfadoxine–pyrimethamine versus dihydroartemisinin–piperaquine for intermittent preventive treatment of malaria in pregnancy: a double-blind, randomised …",https://www.thelancet.com/journals/lancet/article/PIIS0140-6736(18)32224-4/abstract,"… Kenya and Lake Victoria, where malaria transmission is perennial and intense. Eligible participants were HIV-… Similar to the results of the study in Kenya, both dihydroartemisinin–…",malaria,True
"Improving maternal and child health outcomes through a community involvement strategy in Kabula location, Bungoma County, Kenya",https://www.sciencedirect.com/science/article/pii/S2772653322000260,"… Indirect causes include malaria, anaemia, tuberculosis and HIV/AIDS. Universal access to … and psychological access (demand) to reproductive health services. In 2006, the government …",malaria,True
Assessment of mental health outcomes and associated factors among workers in community-based HIV care centers in the early stage of the COVID-19 …,https://www.sciencedirect.com/science/article/pii/S2590229620300150,"… serious public health concerns, especially the fight against malaria, tuberculosis and HIV. … NGOs from previous outbreaks and epidemics, especially HIV, are invaluable, and must be …",malaria,True
Uptake of skilled attendance along the continuum of care in rural Western Kenya: selected analysis from Global Health initiative survey-2012,https://link.springer.com/article/10.1186/s12884-018-1803-4,"… , but also various curative services- safe motherhood, child health promotion and integrated management of childhood illnesses (IMCI), Malaria, HIV/AIDS/STI and TB control. Level 4 …",malaria,True
"Factors affecting the delivery, access, and use of interventions to prevent malaria in pregnancy in sub-Saharan Africa: a systematic review and meta-analysis",https://journals.plos.org/plosmedicine/article?id=10.1371/journal.pmed.1001488,… retraining of healthcare providers in Kenya on the … aids on IPTp. Several studies reported conflicting national policies with regards to provision of IPTp in relation to management of HIV …,HIV,True
Intermittent preventive treatment of malaria in pregnancy with mefloquine in HIV-infected women receiving cotrimoxazole prophylaxis: a multicenter randomized …,https://journals.plos.org/plosmedicine/article?id=10.1371/journal.pmed.1001735,"… A total of 1,071 HIV-infected women from Kenya, Mozambique, and Tanzania were randomized to receive either three doses of IPTp-MQ (15 mg/kg) or placebo given at least one month …",HIV,True
"Maternal and health care workers' perspectives on exclusive breastfeeding in the context of maternal HIV infection, in Busia county, western Kenya: a mixed methods …",https://link.springer.com/article/10.1186/s13006-022-00454-z,"… , pneumonia, diarrhea and malaria since birth was collected to determine the health status of the infants during the first 6 months of life based on the feeding option. FGDs with the …",malaria,True
"Maternal Malaria and Malnutrition (M3) initiative, a pooled birth cohort of 13 pregnancy studies in Africa and the Western Pacific",https://bmjopen.bmj.com/content/6/12/e012697.short,"… In another study conducted concurrently in Kenya (Asembo Bay study) use of ITNs was … Finally, we will assess aforementioned relationships and effects among pregnant women with HIV…",HIV,True
A system approach to improving maternal and child health care delivery in Kenya: innovations at the community and primary care facilities (a protocol),https://link.springer.com/article/10.1186/s12978-017-0358-6,"… Indirect causes include malaria, anaemia, tuberculosis and HIV/AIDS. Universal access to … and psychological access (demand) to reproductive health services. In 2006, the government …",malaria,True
"Malaria, malnutrition, and birthweight: a meta-analysis using individual participant data",https://journals.plos.org/plosmedicine/article?id=10.1371/journal.pmed.1002373,"… age, gravidity, area of residence, mid-upper arm circumference at enrollment, and HIV … Two studies in the DRC and Kenya showed that the association between malaria infection and …",malaria,True
The role of HIV-related stigma in utilization of skilled childbirth services in rural Kenya: a prospective mixed-methods study,https://journals.plos.org/plosmedicine/article?id=10.1371/journal.pmed.1001295,"… ) is an increasingly important contributor to maternal mortality. HIV infection causes maternal mortality … of pregnant women to malaria, tuberculosis, and other “opportunistic” infections—…",malaria,True
Effect of caregiver training on the neurodevelopment of HIV-exposed uninfected children and caregiver mental health: a Ugandan cluster-randomized controlled trial,https://journals.lww.com/jrnldbp/FullText/2017/11000/Effect_of_Caregiver_Training_on_the.10.aspx,"… These include maternal psychological factors (eg, depression), behavioral factors (eg, … malaria chemoprevention study 25 (n = 175) or prevention of mother-to-child transmission of HIV …",malaria,True
"Stress, diabetes, and infection: Syndemic suffering at an urban Kenyan hospital",https://www.sciencedirect.com/science/article/pii/S027795361530157X,"… , psychological distress, and physical illness among patients in a public hospital in Nairobi, Kenya, … on sickness and health among the poor in LMICs with or without HIV, malaria, and …",malaria,True
Mental healthcare in Kenya: exploring optimal conditions for capacity building: opinion paper,https://journals.co.za/doi/abs/10.4102/phcfm.v6i1.682,"… allocation for mental health services in a country the likes of Kenya is often a … health priorities, including infectious diseases such as HIV, malnutrition, unsafe drinking water, malaria and …",malaria,True
Deliberately infecting healthy volunteers with malaria parasites: Perceptions and experiences of participants and other stakeholders in a Kenyan‐based malaria …,https://onlinelibrary.wiley.com/doi/abs/10.1111/bioe.12781,"… experiences of ill-health—where malaria infection followed—which were at times perceived as very severe. We note that the individual psychological experiences of excitement, anxiety …",malaria,True
"Pregnant women's intentions and subsequent behaviors regarding maternal and neonatal service utilization: results from a cohort study in Nyanza Province, Kenya",https://journals.plos.org/plosone/article?id=10.1371/journal.pone.0162017,"… However, given the sensitivity of this information, we may have underestimated the proportion of women with chronic medical conditions, including HIV infection. In turn, this may have …",HIV,True
Evaluation of the safety and efficacy of dihydroartemisinin–piperaquine for intermittent preventive treatment of malaria in HIV-infected pregnant women: protocol of a …,https://bmjopen.bmj.com/content/11/11/e053197.abstract,"… Moreover, studies comparing IPTp–SP with IPTp–DHA–PPQ in HIV-uninfected pregnant women from Kenya and Uganda indicate that the drug could be an alternative to SP in terms of …",HIV,True
INFLUENCE OF MENTAL HEALTH SCREENING ON PERINATAL MENTAL HEALTH CARE IN NAIROBI HOSPITALS,https://www.academia.edu/download/65767693/INFLUENCE_OF_MENTAL_HEALTH_SCREENING_ON_PERINATAL_MENTAL_HEALTH_CARE_IN_NAIROBI_HOSPITALS.pdf,… for mental health screening in the perinatal process in Kenya … and referrals in maternal mental health care in hospitals in … reproductive healthcare workers administer mental health …,maternal disease,True
"Triple-antiretroviral prophylaxis to prevent mother-to-child HIV transmission through breastfeeding—the Kisumu Breastfeeding Study, Kenya: a clinical trial",https://journals.plos.org/plosmedicine/article?id=10.1371/journal.pmed.1001015,"… Most SAEs were due to common causes of morbidity in this region and HIV-related opportunistic infections (eg, malaria, tuberculosis). SAEs most likely associated with study ARVs …",malaria,True
The COVID-19 pandemic and disruptions to essential health services in Kenya: a retrospective time-series analysis,https://www.thelancet.com/journals/langlo/article/PIIS2214-109X(22)00285-6/fulltext,"… Skilled deliveries, antenatal care, people with HIV infection newly started on antiretroviral therapy, confirmed cases of malaria, and diabetes cases detected were not significantly …",malaria,True
"Local illness concepts and their relevance for the prevention and control of malaria during pregnancy in Ghana, Kenya and Malawi: findings from a comparative …",https://link.springer.com/article/10.1186/1475-2875-12-257,"… husband, or psychological strain and general ill health. Moreover, … HIV and malaria that need to be taken into account for health campaigns. HIV interacts with and complicates malaria…",malaria,True
Malaria illness mediated by anaemia lessens cognitive development in younger Ugandan children,https://link.springer.com/article/10.1186/s12936-016-1266-x,"… of infectious disease in early development, such as malaria and exposure to maternal HIV … conducted at the Tororo District Hospital near the Kenyan border in eastern Uganda [14, 15] (…",malaria,True
… controlled human malaria infection studies in low resource settings: experiences and perceptions of study participants in a malaria challenge study in Kenya,https://www.ncbi.nlm.nih.gov/pmc/articles/PMC5954342/,"… , “how do you know it’s only malaria, what if you are injected with HIV”? I told her that I have … the HIV virus and I don’t have any illness, they have done a medical test, if now I get HIV I’ll …",malaria,True
Mental health in Africa,https://www.thelancet.com/journals/langlo/article/PIIS2214-109X(18)30303-6/fulltext,"… allude to maternal health in Africa. Infectious diseases have been covered greatly … HIV or AIDs mentioned in 252 papers, malaria in 165 papers, and tuberculosis in 114 papers. Health …",malaria,True
Prevalence of malaria and sexually transmitted and reproductive tract infections in pregnancy in sub-Saharan Africa: a systematic review,https://jamanetwork.com/journals/jama/article-abstract/1157494,"… of-care tests and treatment for HIV, syphilis, and malaria, while syndromic management is … maternal, fetal, and newborn health will be better if women are given point-of-care tests for HIV …",malaria,True
Burden of disease in adults admitted to hospital in a rural region of coastal Kenya: an analysis of data from linked clinical and demographic surveillance systems,https://www.thelancet.com/journals/langlo/article/PIIS2214-109X(14)70023-3/fulltext,"… undergo a full blood count and an HIV antibody test in keeping with the Kenya Ministry of … seam of primary data from adults in Kilifi, Kenya, and show how disease burden data could be …",HIV,True
Suicide behaviour among adolescents in a high HIV prevalence region of western Kenya: A mixed-methods study,https://www.tandfonline.com/doi/abs/10.1080/17441692.2020.1782964,… to commit suicide by taking an overdose of malaria medication’.) These were especially … imply that research on their mental health status is important to investigate further. Because …,malaria,True
Cotrimoxazole prophylaxis discontinuation among antiretroviral-treated HIV-1-infected adults in Kenya: a randomized non-inferiority trial,https://journals.plos.org/plosmedicine/article?id=10.1371/journal.pmed.1001934,… of malaria in our population of HIV-infected individuals to those in the community. Our study demonstrates lower malaria incidence in HIV-1-… in regional malaria in settings of high HIV-1 …,malaria,True
Anemia and red blood cell abnormalities in HIV-infected and HIV-exposed breastfed infants: a secondary analysis of the kisumu breastfeeding study,https://journals.plos.org/plosone/article?id=10.1371/journal.pone.0141599,"… for the following groups: HIV-infected versus HIV-uninfected, malaria-infected versus … HIV research laboratory, Kenya Medical Research Institute (KEMRI) and Kenya Ministry of Health …",malaria,True
HIV-uninfected Kenyan adolescent and young women share perspectives on using pre-exposure prophylaxis during pregnancy,https://www.liebertpub.com/doi/abs/10.1089/apc.2018.0058,"… for pregnant women at risk of HIV in high HIV burden settings, … were conducted with 68 HIV-uninfected Kenyan pregnant and … Women felt pregnancy was a time of high HIV risk because …",HIV,True
Using a social support framework to understand how HIV positive kenyan men engage in PMTCT/EID care: qualitative insights from male partners,https://link.springer.com/article/10.1007/s10461-019-02451-6,"… of HIV testing. Social support is a multidimensional construct referring to the “psychological … found to be this way [HIV+], when she gets home she says it’s malaria… If your wife is sick …",malaria,True
WHO country cooperation strategy at a glance: Kenya,https://apps.who.int/iris/bitstream/handle/10665/136904/ccsbrief_ken_en.pdf;sequence=1,"… related to HIV/AIDS, malaria and TB. Malaria has remained a serious health problem in spite … Cases of cardiovascular diseases, diabetes and mental disorders are on the rise in Kenya …",malaria,True
Program synergies and social relations: implications of integrating HIV testing and counselling into maternal health care on care seeking,https://link.springer.com/article/10.1186/s12889-014-1336-3,"… From a provider perspective, a study in rural Kenya found that health workers viewed … not know their HIV status than to subject themselves to the psychological pressure of thinking that …",HIV,True
"Intimate partner violence, poverty, and maternal health care-seeking among young women in Kenya: a cross-sectional analysis informing the new sustainable …",https://link.springer.com/article/10.1007/s40609-017-0106-4,… Only 4.6% of mothers reported use of antimalarial drugs for treatment of malaria; 8.1% … reduce abuse and improve maternal mental health in pregnant women (Rivas et al. 2015). …,malaria,True
Implementation of repeat HIV testing during pregnancy in Kenya: a qualitative study,https://link.springer.com/article/10.1186/s12884-016-0936-6,"… preventative testing and medications (such as for syphilis or malaria); or gifts like t-shirts, … supported by the US National Institute of Mental Health (NIMH), though grant R34MH102103. …",malaria,True
Mental health treatment in Kenya: task-sharing challenges and opportunities among informal health providers,https://link.springer.com/article/10.1186/s13033-017-0152-4,"… medical procedures. One CHW in her mid-fifties explained that some of them had previously worked with individuals who were diagnosed with HIV and AIDS … are infected with HIV/AIDs, …",HIV,True
"Characterizing health care provider knowledge: evidence from HIV services in Kenya, Rwanda, South Africa, and Zambia",https://journals.plos.org/plosone/article?id=10.1371/journal.pone.0260571,"… to improve quality of HIV care and reach global HIV targets, … In this study of HIV service provider knowledge in Kenya, … Between countries, knowledge scores were higher in Kenya and …",HIV,True
Sero-surveillance for IgG to SARS-CoV-2 at antenatal care clinics in three Kenyan referral hospitals: Repeated cross-sectional surveys 2020–21,https://journals.plos.org/plosone/article?id=10.1371/journal.pone.0265478,"… (5ml) is already taken to screen mothers for malaria, HIV and syphilis at their first antenatal visit. … SARS-CoV-2 in mothers attending antenatal care at three referral hospitals in Kenya. …",malaria,True
Caregiver mental health and HIV-infected child wellness: perspectives from Ugandan caregivers,https://www.tandfonline.com/doi/abs/10.1080/09540121.2016.1263722,… growth and health may negatively impact caregiver mental health (… of child illness on maternal mental health have largely been … to be hospitalized for severe malaria. Mary described the …,malaria,True
"Use of personal digital assistants for data collection in a multi-site AIDS stigma study in rural south Nyanza, Kenya",https://www.ajol.info/index.php/ahs/article/view/73417,… health facilities to implement a PDA-based data collection system and to study the feasibility of its use in a multisite HIV research study in rural Kenya. … National Institute of Mental Health. …,HIV,True
Prevalence of early postpartum depression and associated risk factors among selected women in southern Malawi: a nested observational study,https://link.springer.com/article/10.1186/s12884-023-05501-z,"… perinatal mental health arguing that unless maternal mental … results for anaemia and malaria classification respectively as … comorbidities in Malawi, India, Pakistan and Kenya reported …",malaria,True
"… Plasmodium falciparum infection and anemia among pregnant women at the first antenatal care visit: A hospital based cross-sectional study in Kwale County, Kenya",https://journals.plos.org/plosone/article?id=10.1371/journal.pone.0239578,"… , infectious diseases like HIV, parasitic infections like … may be the result of Kenya’s Malaria Control Program conducted a … in the Pumwani maternity hospital in Nairobi, Kenya reported an …",malaria,True
Continuing with “…a heavy heart” - consequences of maternal death in rural Kenya,https://link.springer.com/article/10.1186/1742-4755-12-S1-S2,"… HIV, tuberculosis and malaria rates in Kenya, some of the worst indicators for child and overall health … the most poorly served counties in terms of public health facilities [13, 14]. Finally, …",malaria,True
"Gaps in the childhood malaria burden in Africa: cerebral malaria, neurological sequelae, anemia, respiratory distress, hypoglycemia, and complications of …",https://www.ncbi.nlm.nih.gov/books/NBK2621/,… a seasonal malaria transmission zone in Kenya investigated … malaria infection may also increase the risk of perinatal HIV-… for severely anemic malaria patients are hampered by HIV-1–…,malaria,True
The missing link in Kenya's universal health coverage experiment: a preventive and promotive approach to SRHR,https://www.tandfonline.com/doi/abs/10.1080/26410397.2020.1851347,"… medical treatment, where the physical, mental, psychological… and management of STIs including HIV and non-sexually … such as malaria prophylaxis and prevention of mother to …",malaria,True
… of intermittent screening and treatment and intermittent preventive treatment with dihydroartemisinin-piperaquine to prevent malaria in pregnancy in Western Kenya,https://journals.plos.org/plosone/article?id=10.1371/journal.pone.0150259,"… the main trial in Siaya County, western Kenya, which was conducted between August 2012 … haemoglobin levels, malaria (microscopy and polymerase chain reaction), HIV, and syphilis. …",malaria,True
"What drives distress? Rethinking the roles of emotion and diagnosis among people with diabetes in Nairobi, Kenya",https://www.tandfonline.com/doi/abs/10.1080/13648470.2019.1650243,"… public health emergencies of our time: in 2015 more people died from diabetes complications than AIDS, tuberculosis, and malaria … This article investigates the social, psychological, …",malaria,True
Morbidity among HIV-1-infected mothers in Kenya: prevalence and correlates of illness during 2-year postpartum follow-up,https://journals.lww.com/jaids/fulltext/2007/10010/Mortality_and_Morbidity_Among_Postpartum.12.aspx,"… evaluating postpartum maternal health among women with HIV-1, we collected data on … malaria, and diarrhea are likely to be higher in HIV-infected postpartum mothers than in their HIV…",malaria,True
Indirect health effects of the COVID-19 pandemic in Kenya: a mixed methods assessment,https://link.springer.com/article/10.1186/s12913-021-06726-4,… “We [HIV programme] transferred the clients out to the … mental health programs that addressed health worker burnout. … “We [malaria program] supported community healthcare workers to …,malaria,True
Intermittent preventive treatment with dihydroartemisinin-piperaquine for the prevention of malaria among HIV-infected pregnant women,https://academic.oup.com/jid/article-abstract/216/1/29/3044349,… data from Kenya and Uganda showed that IPTp with DP was associated with a lower burden of malaria as compared to IPTp with SP among HIV… placental malarial infection among HIV-…,malaria,True
"… and adherence to the national guidelines for malaria case management in pregnancy among healthcare providers and drug outlet dispensers in rural, western Kenya",https://journals.plos.org/plosone/article?id=10.1371/journal.pone.0145616,"… and point-of-service job aids with increased adherence to Ministry of Health supportive supervision guidelines [13,37,38]. New government policy that regulates and provides clear …",unknown,True
Exploring the perspectives and experiences of health workers at primary health facilities in Kenya following training,https://link.springer.com/article/10.1186/1752-4458-7-6,"… imagine its malaria when the issue is not even malaria it could … or some other things so mental health must be addressed it … HIV where we really are able to form support groups, mental …",malaria,True
"… health in adolescent unmarried motherhood in rural Uganda: Implications for community-based collaborative mental health education, and empowerment strategies …",https://journals.sagepub.com/doi/abs/10.1177/13634615221147361,"… Adolescent and maternal mental health … of focus on mental health from NGOs, which instead focus on better funded communicable diseases such as HIV/AIDS, tuberculosis and malaria. …",malaria,True
"Incidence of chikungunya virus infections among Kenyan children with neurological disease, 2014–2018: A cohort study",https://journals.plos.org/plosmedicine/article?id=10.1371/journal.pmed.1003994,"… malaria and bacterial meningitis among children hospitalized with neurological disease in coastal Kenya. Given … CHIKV infection showed no association with HIV, bacteremia, or malaria …",malaria,True
The Monetary Value of Disability-Adjusted Life Years in Kenya in 2017,https://journals.sagepub.com/doi/abs/10.1177/2158244020970556,"… (including physical, emotional and mental health) embodied in individuals that … maternal mortality ratio (MMR; Target 3.1); neonatal mortality (Target 3.2); HIV/AIDS, tuberculosis, malaria…",malaria,True
… during pregnancy among women of reproductive age in Tanzania: an analysis of data from the 2015 to 2016 Tanzania Demographic and Health Survey and Malaria …,https://www.frontiersin.org/articles/10.3389/fpubh.2021.604058/full,"… with eight countries as follows: Kenya and Uganda to the north, … standard, AIDS Indicator Survey, and Malaria Indicator Survey … The data presented in this study are from the individual …",malaria,True
"… male partners and health care providers' perceptions of HIV self-testing in Kampala, Uganda: Implications for integration in prevention of mother-to-child transmission …",https://journals.plos.org/plosone/article?id=10.1371/journal.pone.0253616,"… pregnancy and malaria tests. I have not heard about HIV self-testing… maybe it is like malaria, … study conducted in Kenya, Malawi and South Africa on attributes of an ideal HIV self-test, …",malaria,True
"Age-specific malaria mortality rates in the KEMRI/CDC health and demographic surveillance system in western Kenya, 2003–2010",https://journals.plos.org/plosone/article?id=10.1371/journal.pone.0106197,"… malaria mortality rates in western Kenya to compare with recent global estimates. We collected data from 148,000 persons in a health … parameters for both malaria and HIV/AIDS. In the …",malaria,True
Child and adolescent mental health in Kenya: Do we need a child and adolescent mental health policy?,https://link.springer.com/chapter/10.1007/978-3-030-83707-5_7,"… diet, dirty water and smoky houses and in sub-Saharan Africa like Kenya malaria, multiple other tropical infections and HIV/AIDS. Nearly 48.8% of children and adolescents living with …",malaria,False
"The PRECISE (PREgnancy Care Integrating translational Science, Everywhere) database: open-access data collection in maternal and newborn health",https://link.springer.com/article/10.1186/s12978-020-0873-8,"… We considered Open Data Kit, a mobile data management … (eg, Kenya) have published research based on primary data … concurrent diseases, including malaria, HIV, and tuberculosis. …",malaria,True
"Health facilities preparedness to deliver maternal and newborn health care in Kilifi and Kisii Counties, Kenya",https://link.springer.com/article/10.1186/s12913-023-09884-9,"… the data collection tool in the open data kit platform for data … immunization, blood test for HIV, and counselling on family … all the health facilities except the provision of iPT for malaria …",malaria,True
Social and cultural factors affecting uptake of interventions for malaria in pregnancy in Africa: a systematic review of the qualitative research,https://journals.plos.org/plosone/article?id=10.1371/journal.pone.0022452,"… For example, surveys in Malawi and Kenya have revealed high ANC attendance (88% and … One study in Uganda highlighted the difficulty of providing malaria and HIV prevention in an …",malaria,True
The physical and psychological effects of HIV infection and its treatment on perinatally HIV‐infected children,https://onlinelibrary.wiley.com/doi/abs/10.7448/IAS.18.7.20258,"… In addition, children with HIV are at greater risk for more severe malaria-related anaemia … among HIV-infected Kenyan children. J Acquir Immune Defic Syndr. 2014;67(3):277Á86. …",malaria,True
Fetal immune activation to malaria antigens enhances susceptibility to in vitro HIV infection in cord blood mononuclear cells,https://academic.oup.com/jid/article-abstract/202/6/899/936482,… from Kenyan newborns of women infected with malaria exhibit greater susceptibility to HIV … We also show that Kenyan CBMCs that demonstrate in utero priming to malaria blood stage …,malaria,True
Optimizing PMTCT efforts by repeat HIV testing during antenatal and perinatal care in resource-limited settings: a longitudinal assessment of HIV seroconversion,https://journals.plos.org/plosone/article?id=10.1371/journal.pone.0233396,"… health programs. Stock out of commodities, particularly RDTs to test for either HIV or malaria, … In this research project in Kenya, we offered serial HIV testing for pregnant women and new …",malaria,True
"Conceptualizing the COVID-19 pandemic: perspectives of pregnant and lactating women, male community members, and health workers in Kenya",https://www.mdpi.com/1660-4601/19/17/10784,"… diseases in the region, including HIV, malaria, and tuberculosis, underscoring these … data, Kenyan COVID-19 survivors may experience detrimental effects on their mental health …",malaria,True
"HIV, malaria and beyond: reducing the disease burden of female adolescents",https://link.springer.com/article/10.1186/1475-2875-4-2,… health and health-related interventions to this high-risk group. In this paper it is argued that female adolescents require a continuum of care for malaria and HIV … physically and mentally […,malaria,True
"Profile: the Rusinga health and demographic surveillance system, western Kenya",https://academic.oup.com/ije/article-abstract/45/3/718/2572864,"… Island, Western Kenya, was initiated in 2012 to facilitate a malaria … HIV/AIDS related, with an HIV prevalence of 26% (Ministry of … data store based on the Open Data Kit (ODK) platform. …",malaria,True
Assessing the indirect health effects of the COVID-19 pandemic in Kenya,https://www.cgdev.org/sites/default/files/WP570-Kenya-Indirect-COVID-impacts-final.pdf,… “I have not seen any budget cuts for our HIV programme because … implemented mental health programs that addressed health … “We [malaria program] supported community healthcare …,malaria,True
Investment case for primary health care in low-and middle-income countries: A case study of Kenya,https://journals.plos.org/plosone/article?id=10.1371/journal.pone.0283156,"… , mental health, HIV/AIDS, primary eye care, Health … , anaemia, Tuberculosis, Malaria, HIV and other diseases/… , AIM, Malaria, TB, and WASH modules to estimate the health impact of …",malaria,True
The association of parasitic infections in pregnancy and maternal and fetal anemia: a cohort study in coastal Kenya,https://journals.plos.org/plosntds/article?id=10.1371/journal.pntd.0002724,"… Effective, safe treatments are available to prevent and treat hookworm and malaria, both of which were associated with maternal anemia in this study. While numerous studies have …",malaria,True
"Social, economic, and health effects of the COVID-19 pandemic on adolescents retained in or recently disengaged from HIV care in Kenya",https://journals.plos.org/plosone/article?id=10.1371/journal.pone.0257210,"… on the social, economic, HIV care, physical, and mental wellbeing of ALHIV who were either … One adolescent had been hospitalized during the previous 2 months, for severe malaria. …",malaria,True
The social nature of perceived illness representations of perinatal depression in rural Uganda,https://www.mdpi.com/1660-4601/15/6/1197,"… of perinatal mental health, and in particular, of perinatal depression, as a growing public-health concern with various health … a specific disease, such as HIV, malaria or ulcers (due to the …",malaria,True
Modeling the cost effectiveness of malaria control interventions in the highlands of western Kenya,https://journals.plos.org/plosone/article?id=10.1371/journal.pone.0107700,"… malaria morbidity and mortality in Kenya, but it is not obvious which additional tools and strategies should be the next priority to include in the package of malaria … to antimalarial drugs …",malaria,True
"Psychosocial, behavioural and health system barriers to delivery and uptake of intermittent preventive treatment of malaria in pregnancy in Tanzania–viewpoints of …",https://link.springer.com/article/10.1186/1472-6963-14-15,"… that maternal mortality ratio (MMR) caused by a combination of malaria, HIV/AIDS and other … guidelines was noted in the neighbouring country of Kenya [42] and various authors have …",malaria,True
"Local barriers and solutions to improve care-seeking for childhood pneumonia, diarrhoea and malaria in Kenya, Nigeria and Niger: a qualitative study",https://journals.plos.org/plosone/article?id=10.1371/journal.pone.0100038,"We present qualitative research findings on care-seeking and treatment uptake for pneumonia, diarrhoea and malaria among children under 5 in Kenya, Nigeria and Niger. The study …",malaria,True
The health of the people: The African regional health report,https://books.google.com/books?hl=en&lr=&id=HeB0Du6Pf4YC&oi=fnd&pg=PR3&dq=kenya+health+open+data+hiv+malaria+maternal+mental&ots=MpvaJisito&sig=MXSRQftvsYysCobiq65O_DwqIsY,"… : Ghana is drafting a new mental health law Box 4.4: Togolese … This report looks at: HIV/AIDS, tuberculosis and malaria, and … HIV/AIDS, such as Kenya and South Africa. Exacerbated by …",malaria,True
Improvement of health sector in Kenya,https://mpra.ub.uni-muenchen.de/id/eprint/58420,"… Kenya faces major socio-economic and health challenges since the independent 1963. Tuberculosis, HIV/AIDS and malaria … also general mental, physical, and social well-being. Good …",malaria,True
Impairment of executive function in Kenyan children exposed to severe falciparum malaria with neurological involvement,https://link.springer.com/article/10.1186/1475-2875-13-365,"… from the Kilifi Health and Demographic Surveillance System (… are malaria, bacterial and viral infections (including HIV)[16]. … of retrieving names and mental set shifting with changing rules…",malaria,True
The relationship between prevention of mother to child transmission of HIV and stakeholder decision making in Uganda: implications for health policy,https://www.sciencedirect.com/science/article/pii/S0168851003000629,"… Conclusions: Stakeholders seem to rank prevention of vertical HIV transmission lower than treatment for malaria, pneumonia and diarrhoea. Policies considering prevention of vertical …",malaria,False
How does living with HIV impact on women's mental health? Voices from a global survey,https://onlinelibrary.wiley.com/doi/abs/10.7448/IAS.18.6.20289,"… HIV experience a disproportionate burden of mental health … on mental health support, particularly regarding perinatal care. … of mental health issues as experienced by women living with …",HIV,True
Detectable HIV viral load in Kenya: data from a population-based survey,https://journals.plos.org/plosone/article?id=10.1371/journal.pone.0154318,"… Data analysis In this paper, we examine the predictors of HIV viremia in Kenyans aged 15–64 years. Our principal outcome variable was unsuppressed HIV viremia, defined as a PVL ≥…",HIV,True
Association of the US president's emergency plan for AIDS relief's funding with prevention of mother-to-child transmission of HIV in Kenya,https://jamanetwork.com/journals/jamanetworkopen/article-abstract/2749781,… Evidence from publicly available data suggests that PEPFAR’s PMTCT funding was associated with a reduction in infant mortality and an increase in HIV testing during ANC in Kenya. …,HIV,True
Placental malaria and mother-to-child transmission of human immunodeficiency virus-1,https://www.ncbi.nlm.nih.gov/pmc/articles/PMC3775571/,"… MTCT of HIV-1, we performed a secondary analysis of data from a … Data regarding 1,662 HIV-1–infected women with live born … Kenya of women who were dually infected with HIV-1 and …",HIV,True
"Availability of priority maternal and newborn health indicators: Cross-sectional analysis of pregnancy, childbirth and postnatal care registers from 21 countries",https://journals.plos.org/globalpublichealth/article?id=10.1371/journal.pgph.0000739,"… , Kenya, and Malawi) capture data on either HIV testing at delivery or the HIV status at admission. Couple … reasons (eg HIV testing, STIs screening or malaria treatment). Several newer …",malaria,True
… trends in health workers' compliance with outpatient malaria case-management guidelines at health facilities with available “test and treat” commodities in Kenya,https://journals.plos.org/plosone/article?id=10.1371/journal.pone.0259020,… Data Availability: Data that support the findings of this study … of the Kenyan Division of National Malaria Program (DNMP) … tools like malaria treatment guidelines and job aids were also …,malaria,True
… diseases and injuries for equity in the era of universal health coverage: findings and recommendations from the Kenya NCDI Poverty Commission,https://www.ncbi.nlm.nih.gov/pmc/articles/PMC7792462/,"… level in public health sector … HIV/AIDS, maternal and child services and surgical services may facilitate integration of other chronic disease services for chronic NCDs and mental health …",HIV,True
"“Now I'm alright, I can raise my children”: Motherhood reimagined for Kenyan women in an HIV-Livelihood-Empowerment Program",https://www.researchgate.net/profile/Colleen-Fisher-6/publication/347524498_Now_I'm_alright_I_can_raise_my_children_Motherhood_reimagined_for_Kenyan_women_in_an_HIV-Livelihood-_Empowerment_Program/links/5fee2007a6fdccdcb81e8dfe/Now-Im-alright-I-can-raise-my-children-Motherhood-reimagined-for-Kenyan-women-in-an-HIV-Livelihood-Empowerment-Program.pdf,"… poorer mental health outcomes for both HIV-infected mothers and their children. Experiences of … Another noted, “if you accept yourself you can take it like any other disease like malaria. …",malaria,True
Expanding access to non-communicable disease care in rural Malawi: outcomes from a retrospective cohort in an integrated NCD–HIV model,https://bmjopen.bmj.com/content/10/10/e036836.abstract,"… In Africa, infectious diseases such as HIV, malaria and … Routine clinical measurements for patients with mental health illness … HIV transmission and maternal outcomes in Nyanza, Kenya: …",malaria,True
… testing and prompt use of recommended antimalarials following malaria diagnosis: A secondary analysis of 2011-12 Tanzania HIV and malaria indicator survey data,https://journals.plos.org/plosone/article?id=10.1371/journal.pone.0132964,… of Tanzania HIV and Malaria Indicator Survey (THMIS) data 2011-12 obtained from a national cross sectional survey. The analysis involved children aged 6-59 months whose mothers …,malaria,True
The effects of prenatal HIV exposure on language functioning in Kenyan children: establishing an evaluative framework,https://link.springer.com/article/10.1186/s13104-016-2264-3,"… to stressors such as poor maternal mental health, maternal chronic illness, or … malaria, meningitis, and sickle cell [29, 30]. Our study is strongly supportive of the potential risk that HIV …",malaria,True
"Factors influencing the uptake of intermittent preventive treatment for malaria in pregnancy: evidence from Bungoma East District, Kenya",https://www.academia.edu/download/102317989/ajphr-1-5-2.pdf,… The National Malaria Strategy (NMS) and the third National Health Sector Strategic Plan … policy instruments guiding malaria control activities in Kenya. The NMS outlines malaria control …,malaria,True
The economic burden of maternal mortality on households: evidence from three sub-counties in rural western Kenya,https://link.springer.com/article/10.1186/1742-4755-12-S1-S3,"… The area is also characterized by poor health outcomes among its … of HIV, tuberculosis and malaria rates in the country and has some of the worst indicators for child and overall health …",malaria,True
Consulting communities on feedback of genetic findings in international health research: sharing sickle cell disease and carrier information in coastal Kenya,https://link.springer.com/article/10.1186/1472-6939-14-41,… International health research in malaria-endemic settings … programme in my area on HIV/AIDs infected children. When a … children in future; the psychological effect of this information on …,malaria,True
"Mother-to-child transmission of HIV infection and its associated factors in the district of Bilene, Gaza Province—Mozambique",https://journals.plos.org/plosone/article?id=10.1371/journal.pone.0260941,"… associated with mother-to-child transmission of HIV in rural Mozambique. … Health facility factors and quality of services to prevent mother-to-child HIV transmission in Côte d’Ivoire, Kenya…",HIV,True
Maternal morbidity and preterm birth in 22 low-and middle-income countries: a secondary analysis of the WHO Global Survey dataset,https://link.springer.com/article/10.1186/1471-2393-14-56,"… , namely: maternal height (as a proxy for maternal malnutrition), malaria, HIV/AIDS (evidence in the hospital records of the woman being HIV positive or having AIDS), pyelonephritis/UTI …",malaria,True
Mental and substance use disorders in sub-Saharan Africa: predictions of epidemiological changes and mental health workforce requirements for the next 40 years,https://journals.plos.org/plosone/article?id=10.1371/journal.pone.0110208,"… regions, largely due to the HIV/AIDS epidemic, maternal deaths, and child mortality caused … lowering mortality from HIV/AIDS and malaria, signalling the inevitable health transitions we …",malaria,True
"… health approaches in the delivery of integrated sexual, reproductive health and HIV services for adolescents with disabilities in Siaya County, Kenya.",,"",unknown,False
"Public perceptions, explanatory models and service utilisation regarding mental illness and mental health care in Kenya",https://link.springer.com/article/10.1007/s00127-008-0334-0,"… Finding out she had AIDS then precipitated the depression, but the root cause of the … To the public, once an organic cause such as malaria had been ruled out, it was not the doctor or …",malaria,False
Early childhood anemia in a birth cohort in coastal Kenya: links to infection and nutrition,https://www.ncbi.nlm.nih.gov/pmc/articles/PMC6609201/,"… learning, memory, and mental processing speed. This impact … Our findings further validate the correlation between malarial … %) were born to mothers known to be HIV positive at the time …",malaria,True
Facilitating HIV status disclosure for pregnant women and partners in rural Kenya: a qualitative study,https://link.springer.com/article/10.1186/1471-2458-13-1115,"… HIV prevalence and infant mortality rate in Kenya [39, 40]. Among pregnant women in Nyanza, HIV … was perceived as an embarrassing event, distinct from other illnesses like malaria, …",malaria,True
HIV status and treatment influence on fertility desires among women newly becoming eligible for antiretroviral therapy in western Kenya: insights from a qualitative …,https://link.springer.com/article/10.1186/s12978-017-0355-9,"… for health care providers and HIV treatment programs to understand in order to meet their HIV-infected women’s reproductive health … These days we see it (HIV) as just malaria, which …",malaria,True
The healthcare system and client failures contributing to maternal mortality in rural Kenya,https://link.springer.com/article/10.1186/s12884-022-05259-w,"… maternal deaths that are associated with the healthcare system and client failures in Migori, Kenya. … A client that was HIV reactive was only detected to be anaemic on upon admission …",HIV,True
Mortality Modelling and Malaria Cost Estimations in Kenya,,"",unknown,False
Where will this illness take me? Reactions to HIV diagnosis from women living with HIV in Kenya,https://www.tandfonline.com/doi/abs/10.1080/07399332.2010.530727,"… if they are hit by a car or from malaria, they say you died from HIV. So, you cannot just tell … health care providers regarding mental health issues among women living with HIV in Kenya…",malaria,True
Weekly miscarriage rates in a community-based prospective cohort study in rural western Kenya,https://bmjopen.bmj.com/content/6/4/e011088.short,… This study provides the first description of the miscarriage rate in this rural Kenyan population in the context of high malaria and HIV prevalence; there are very little data on miscarriage …,malaria,True
Placental characteristics and neonatal weights among women with malaria-preeclampsia comorbidity and healthy pregnancies,https://journals.plos.org/plosone/article?id=10.1371/journal.pone.0291172,"… endemic malaria zone of Kenya about 400kms west of the capital, Nairobi. The county has a … ; diabetes; infections like HIV and hepatitis; and women with a history of cigarette smoking. …",malaria,True
High proportion of unknown HIV exposure status among children aged less than 2 years: An analytical study using the 2015 National AIDS Indicator Survey in …,https://journals.plos.org/plosone/article?id=10.1371/journal.pone.0231143,"… health questionnaire” for women of childbearing age, focusing on malaria, immunization, maternal and child health, and HIV. … in other neighboring countries such as Kenya, South Africa, …",malaria,True
High proportion of unknown HIV exposure status among children aged less than 2 years: An analytical study using the 2015 National AIDS Indicator Survey in …,https://journals.plos.org/plosone/article?id=10.1371/journal.pone.0231143,"… health questionnaire” for women of childbearing age, focusing on malaria, immunization, maternal and child health, and HIV. … in other neighboring countries such as Kenya, South Africa, …",malaria,True
Association of maternal KIR gene content polymorphisms with reduction in perinatal transmission of HIV-1,https://journals.plos.org/plosone/article?id=10.1371/journal.pone.0191733,"… a non-malaria area in South Africa that showed that maternal inhibitory KIR2DL2 protected … The authors express their gratitude to the mothers and their children from Kisumu, Kenya, …",malaria,True
Using routine health information data for research in low-and middle-income countries: a systematic review,https://link.springer.com/article/10.1186/s12913-020-05660-1,"… use of RHIS data for research purposes beyond studies that were specific to malaria control [… A few studies focused on mental health (2%), diabetes mellitus (1%), and permanent tooth …",malaria,True
Mothers infected with HIV: reducing maternal death and disability during pregnancy,https://academic.oup.com/bmb/article-abstract/67/1/127/330393,"… The trio of AIDS, tuberculosis and malaria have become … and some mortality in HIV-infected women is mental illness. A … with HIV and malaria on pregnancy outcome in western Kenya. …",malaria,True
… between internal migration and epidemic dynamics: an analysis of cause-specific mortality in Kenya and South Africa using health and demographic surveillance data,https://link.springer.com/article/10.1186/s12889-018-5851-5,"… on both the dynamics of the AIDS/TB and NCD epidemics … return home with physical or mental health issues. The higher … partners, which emphasises ART and malaria treatment [40], …",malaria,True
“Talkin'about a revolution”: How electronic health records can facilitate the scale-up of HIV care and treatment and catalyze primary care in resource-constrained …,https://journals.lww.com/jaids/fulltext/2009/11011/_Talkin__About_a_Revolution___How_Electronic.16.aspx,"… a medical school in the United States and another in Kenya … , diabetes, oncology, mental health, and cardiopulmonary … , diabetes, tuberculosis, malaria) and their treatment and …",malaria,True
Effectiveness of antenatal clinics to deliver intermittent preventive treatment and insecticide treated nets for the control of malaria in pregnancy in Kenya,https://journals.plos.org/plosone/article?id=10.1371/journal.pone.0064913,… Malaria in pregnancy interventions are delivered alongside prevention and control of mother to child transmission of HIV (… Malaria services include a free long-lasting insecticide treated …,malaria,True
Preferences for accessing sexual and reproductive health services among adolescents and young adults living with HIV/AIDs in Western Kenya: A qualitative study,https://journals.plos.org/plosone/article?id=10.1371/journal.pone.0277467,"… health (SRH) care services for improved health outcomes. This is worse for AYAs living with HIV … We explored adolescents’, healthcare workers, and caregivers’ preferences for access …",HIV,True
Mental health in Africa: the role of the WPA,https://www.ncbi.nlm.nih.gov/pmc/articles/PMC1489826/,"… like malaria, typhoid fever or human immunodeficiency virus (HIV) … at childbirth, malnutrition, malaria and parasitic diseases. … about 3% suffer from a mental disorder. Many children suffer …",malaria,True
Maternal psychological distress and appraisal of parenting experience predict social-emotional development of Kenyan infants,https://www.tandfonline.com/doi/abs/10.1080/03004430.2016.1244674,"… brief health background questionnaire including history of malaria… HIV-infected) sample was not studied, however, the sample used provides information that is useful for a public health …",malaria,True
"… , lockdown measures and vulnerable populations: a mixed-methods systematic review of the evidence of impacts on mother and child health in low-and lower …",https://www.ncbi.nlm.nih.gov/pmc/articles/PMC9808285/,… model for malaria and 2 decision tree models for HIV/AIDS and … Maternal mental health deteriorated during the lockdown. … ’ fishing communities in Kenya assessed the consequences of …,malaria,True
Profile: the KEMRI/CDC health and demographic surveillance system—Western Kenya,https://academic.oup.com/ije/article-abstract/41/4/977/689203,"… of malaria infection, and numerous HIV, tuberculosis, malaria … of integrated malaria control strategies, HIV services, newly … The HDSS provides general demographic and health …",malaria,True
Helminthic infections rates and malaria in HIV-infected pregnant women on anti-retroviral therapy in Rwanda,https://journals.plos.org/plosntds/article?id=10.1371/journal.pntd.0002380,… for helminth and malaria co-infection in HIV-positive pregnant … of mother-to-child transmission in Rwanda. We describe the baseline prevalence of malaria and helminth infection in HIV-…,malaria,True
The direct and indirect impact of COVID-19 pandemic on maternal and child health services in Africa: a scoping review,https://link.springer.com/article/10.1186/s41256-022-00257-z,"… for mental health screening during antenatal care to protect … population living with HIV/AIDS and Malaria respectively. The … In Kenya, there was a report of increased preference for home-…",malaria,True
Psychosocial challenges facing women living with HIV during the perinatal period in rural Uganda,https://journals.plos.org/plosone/article?id=10.1371/journal.pone.0176256,"… of HIV and mental health services may be more limited. Thus, the goal of this study was to explore psychosocial challenges experienced by WLWH living in rural Uganda during …",HIV,True
"The global pendulum swing towards community health workers in low-and middle-income countries: a scoping review of trends, geographical distribution and …",https://link.springer.com/article/10.1186/s12960-016-0163-2,"… (such as maternal-child health, malaria, reproductive health, … Kenya, CHWs were given general training in mental health … more evenly distributed between HIV/TB, malaria and MCH. In …",malaria,True
"Determinants of the uptake of intermittent preventive treatment of malaria in pregnancy with sulphadoxine pyrimethamine in Sabatia Sub County, Western Kenya",https://link.springer.com/article/10.1186/s40249-021-00887-4,… Malaria in pregnancy (MiP) remains a major public health problem. It is of … HIV-infected women on cotrimoxazole prophylaxis during their last pregnancy and those with mental …,malaria,True
Development and piloting of a home-based couples intervention during pregnancy and postpartum in Southwestern Kenya,https://www.liebertpub.com/doi/abs/10.1089/apc.2017.0285,"… on topics such as ANC, nutrition, and malaria prevention; the second visit focusing on birth … It appears to be critical to address IPV and related mental health issues as part of couple …",malaria,True
The occurrence of sexual risk behaviors and its association with psychological well-being among Kenyan adolescents,https://www.frontiersin.org/articles/10.3389/frph.2021.659665/full,"… public health problem. Self-esteem and hopefulness are potentially important psychological … ), self-esteem, and hopefulness among adolescents from a resource-poor setting in Kenya. …",unknown,True
Adjustment to acute or early HIV-1 infection diagnosis to prompt linkage to care and ART initiation: qualitative insights from coastal Kenya,https://www.tandfonline.com/doi/abs/10.1080/13548506.2018.1549736,"… Kenyan coast where HIV is endemic, studies indicate that acute HIV-1 can be as common as malaria … , as well as for provision of mental health support and counseling were in place. …",malaria,True
Bayesian spatio-temporal modeling of mortality in relation to malaria incidence in Western Kenya,https://journals.plos.org/plosone/article?id=10.1371/journal.pone.0180516,"… , acute respiratory infection/pneumonia and malaria for infants, malaria and HIV/AIDS for both younger and older children, HIV/AIDS and pulmonary tuberculosis for adults, while for the …",malaria,True
Adherence to community versus facility-based delivery of monthly malaria chemoprevention with dihydroartemisinin-piperaquine for the post-discharge management …,https://journals.plos.org/plosone/article?id=10.1371/journal.pone.0255769,… in Uganda and Kenya found that PMC resulted in 65% reduction in malaria incidence … Data were entered directly into questionnaires in handheld tablets programmed with open data …,malaria,True
Impact of health systems on the implementation of intermittent preventive treatment for malaria in pregnancy in sub-Saharan Africa: a narrative synthesis,https://www.mdpi.com/2414-6366/5/3/134,"… program and other disease-specific programs involved with maternal ANC services, such as HIV and … Hill [41] 2016 Kenya Qualitative data on user and provider acceptability within RCT …",HIV,True
Lower neurocognitive functioning in HIV-exposed uninfected children compared with that in HIV-unexposed children,https://journals.lww.com/jaids/fulltext/2022/04010/Lower_Neurocognitive_Functioning_in_HIV_Exposed.12.aspx?context=LatestArticles,"… available as standard of care in Kenya, which makes it difficult for mothers to self-report this … gave similar results for HIV exposure. Breastfeeding, maternal mental health, and early …",HIV,True
"… and practices among caregivers of children under five years—the child health and mortality prevention surveillance (CHAMPS), Western Kenya: a qualitative study",https://journals.plos.org/plosone/article?id=10.1371/journal.pone.0276735,"… tested everything even HIV/AIDS and is non-reactive, does not have malaria, no … malaria symptoms to have mystical etiology, we report an awareness by the respondent that malaria …",malaria,True
“Even if you know everything you can forget”: health worker perceptions of mobile phone text-messaging to improve malaria case-management in Kenya,https://journals.plos.org/plosone/article?id=10.1371/journal.pone.0038636,"… in health care, guidelines change about HIV,TB, Malaria and like that. Actually I was seeing it as an update; an update which I started to implement and because of implementing now it …",malaria,True
WHO Country Cooperation Strategy Kenya: medium-term support strategy 2014-2019,https://apps.who.int/iris/bitstream/handle/10665/246158/ccs-ken-eng.pdf,"… This is contributed to, amongst other issues, by improvements in services for some communicable conditions like HIV/AIDS, TB and Malaria. However, a rising burden of non-…",malaria,True
Addressing mental illness in Africa: Global health challenges and local opportunities,http://siba-ese.unisalento.it/index.php/cpgp/article/view/14967,"… on communicable diseases that plague the continent, such as malaria, tuberculosis, HIV/AIDS (Group, Lancet Global … services in cosmopolitan informal settlements in Nairobi, Kenya. …",malaria,True
Probable post traumatic stress disorder in Kenya and its associated risk factors: a cross-sectional household survey,https://www.mdpi.com/1660-4601/12/10/13494,"… maternal mortality rate is 490 per 100,000 live births and HIV … mental health needs in the general adult population of Kenya… in an endemic area for malaria in Kenya, namely the Maseno …",malaria,True
"Accessibility and utilization of health information by Rural woment in Vihiga County, Kenya",https://www.academia.edu/download/75510283/NOV164666.pdf,"… occupational health hazards environmental sanitation, and mental health. … health problems such as maternal and child mortality, including family planning, combat HIV/AIDS, and malaria…",malaria,True
"Community-based scheduled screening and treatment of malaria in pregnancy for improved maternal and infant health in The Gambia, Burkina Faso and Benin: study …",https://link.springer.com/article/10.1186/1745-6215-15-340,"… , malaria continues to cause over 10,000 maternal deaths and 75,000 to 200,000 infant deaths. Successful control of malaria in pregnancy could save lives of mothers … community health …",malaria,True
HIV infection increases the risk of acquiring Plasmodium vivax malaria: a 4-year cohort study in the Brazilian Amazon HIV and risk of vivax malaria,https://www.nature.com/articles/s41598-022-13256-4,"… was used to confirm the diagnosis, and the patient was then referred to the HIV ward for consultations, psychological support and ART therapy. All the remaining individuals with …",HIV,True
"When diabetes confronts HIV: Biological sub‐citizenship at a public hospital in Nairobi, Kenya",https://anthrosource.onlinelibrary.wiley.com/doi/abs/10.1111/maq.12476,"… HIV, TB, malaria, and maternal health while non-communicable disease funding was negligible (Republic of Kenya … in Kenya dedicated to conducting research on mental illnesses and …",malaria,True
"Conditional cash transfers to retain rural Kenyan women in the continuum of care during pregnancy, birth and the postnatal period: protocol for a cluster randomized …",https://link.springer.com/article/10.1186/s13063-019-3224-8,"… HIV infection, TB and malaria in Kenya, and among the worst indicators of child and overall health … country, and maternal mortality at 695 per 100,000 live births against 488/100,000 in …",malaria,True
Caregivers' psychosocial assessment for identifying HIV-infected infants at risk of poor treatment adherence: an exploratory study in southern Mozambique,https://www.tandfonline.com/doi/abs/10.1080/09540121.2022.2125159,"… Mother mental status and stigma … This correlation has been described in Kenya and shows that it is crucial to … , was the mother’s mental health status: only one mother appeared to be …",mental disease,True
… early antenatal booking among women of reproductive age in Tanzania: An analysis of data from the 2015-16 Tanzania Demographic Health Survey and Malaria …,https://journals.plos.org/plosone/article?id=10.1371/journal.pone.0249337,… Maternal morbidity refers to any physical or mental illnesses … borders with eight countries: Kenya and Uganda to the North; … DHS standard AIDS Indicator Survey and Malaria Indicator …,malaria,True
Challenges with seeking HIV care services: perspectives of older adults infected with HIV in western Kenya,https://link.springer.com/article/10.1186/s12889-019-7283-2,"… I pretended I was seeking services for malaria and queued to see the primary care nurse. … diabetes, chronic liver and kidney diseases, mental illness) and HIV, monitoring of drug to drug …",malaria,True
"Impact of HIV/AIDS scale-up on non-HIV priority services in Nyanza Province, Kenya",https://openscholar.dut.ac.za/handle/10321/2576,"… where HIV clinics were used in treating TB, malaria and other diseases clinics were also engaged … has been shown to be successful within HIV and mental health issues. …",malaria,True
… and Predictors of Early Antenatal Booking Among Women of Reproductive Age in Tanzania: An Analysis of Data from the 2015-16 Tanzania HIV and Malaria …,https://www.researchsquare.com/article/rs-28839/latest,… Maternal morbidity refers to any physical or mental illnesses caused by pregnancy and/or … neonatal mortality in Kenya: Analysis of national survey data. Glob Health Action [Internet]. …,maternal disease,True
Exploring risk perception and attitudes to miscarriage and congenital anomaly in rural Western Kenya,https://journals.plos.org/plosone/article?id=10.1371/journal.pone.0080551,"… for Global Health Research (CGHR), Kisumu, Kenya. SD is partly funded by the Malaria in … The prevalence of malaria (KEMRI/CDC, unpublished data), HIV [14] and TB [15] are high. …",malaria,True
